English,Spanish
the,el
of,de
and,y
in,en
to,a
a,a
is,es
was,era
The,El
for,para
that,eso
on,en
are,son
as,como
with,con
from,de
by,por
He,Él
It,Él
it,él
he,él
In,En
his,su
at,en
be,ser
were,eran
has,tiene
not,no
also,también
or,o
an,un
have,tener
people,gente
one,uno
first,primero
which,cual
they,ellos
their,su
had,tenía
This,Este
can,poder
They,Ellos
but,pero
her,su
this,este
other,otro
on the,sobre el
She,Ella
more,más
called,llamado
many,muchos
who,OMS
used,usado
two,dos
A,A
been,estado
about,acerca de
time,tiempo
made,hecho
there,allá
all,todo
them,a ellos
into,en
after,después
when,cuando
she,ella
its,es
most,mayoría
up,arriba
than,que
very,muy
known,conocido
only,solo
became,convertirse
him,a él
There,Allá
years,años
name,nombre
some,alguno
would,haría
because,porque
will,voluntad
out,afuera
part,parte
new,nuevo
then,entonces
different,diferente
until,hasta
citation,citación
where,dónde
After,Después
do,hacer
between,entre
over,encima
played,jugó
When,Cuando
no,No
American,Americano
could,podría
released,liberado
year,año
three,tres
His,Su
number,número
so,entonces
started,comenzó
make,hacer
use,usar
work,trabajar
like,como
music,música
same,mismo
later,más tarde
such,semejante
before,antes
being,ser
did,hizo
born,nacido
may,puede
New,Nuevo
On,En
often,a menudo
the same,lo mismo
area,área
long,largo
through,a través de
city,ciudad
died,fallecido
second,segundo
during,durante
world,mundo
around,alrededor
if,si
said,dicho
usually,generalmente
main,principal
group,grupo
small,pequeño
these,estos
However,Sin embargo
There are,Hay
won,ganado
Some,Alguno
These,Estos
1,1
convert,convertir
movie,película
several,varios
well,Bueno
important,importante
now,ahora
does,hace
each,cada
game,juego
October,Octubre
back,atrás
found,encontró
As,Como
United,Unido
left,izquierda
person,persona
both,ambos
life,vida
Many,Muchos
large,grande
such as,como
World,Mundo
another,otro
down,abajo
".""",""""
At,En
named,llamado
show,espectáculo
since,desde
used to,solía hacerlo
album,álbum
place,lugar
water,agua
For,Para
July,Julio
any,cualquier
four,cuatro
how,cómo
old,viejo
season,estación
day,día
married,casado
One,Uno
against,contra
began,comenzó
still,aún
the most,el más
way,forma
April,Abril
March,Marzo
again,de nuevo
best,mejor
built,construido
2010,2010
January,Enero
May,Puede
University,Universidad
death,muerte
get,conseguir
just,justo
state,estado
what,qué
3,3
much,mucho
under,bajo
2,2
September,Septiembre
lived,vivido
series,serie
National,Nacional
band,banda
even,incluso
good,bien
government,gobierno
live,vivir
song,canción
the world,el mundo
while,mientras
written,escrito
2007,2007
February,Febrero
I,I
body,cuerpo
player,jugador
popular,popular
times,veces
6,6
English,Inglés
States,Estados
high,alto
things,cosas
early,temprano
family,familia
go,ir
men,hombres
population,población
together,juntos
British,británico
November,Noviembre
United States,Estados Unidos
games,juegos
known as,conocido como
last,último
see,ver
set,colocar
book,libro
killed,delicado
makes,marcas
own,propio
should,debería
play,jugar
works,obras
2008,2008
But,Pero
December,Diciembre
came,vino
company,compañía
given,dado
help,ayuda
means,medio
published,publicado
August,Agosto
children,niños
got,consiguió
2006,2006
2011,2011
June,Junio
every,cada
million,millón
based,basado
including,incluido
major,importante
school,escuela
word,palabra
you,tú
2005,2005
age,edad
changed,cambió
created,creado
de,Delaware
home,hogar
member,miembro
total,total
century,siglo
few,pocos
If,Si
founded,fundado
making,haciendo
next,próximo
put,poner
system,sistema
the other,el otro
went,fue
2014,2014
4,4
North,Norte
black,negro
history,historia
land,tierra
must,debe
take,llevar
team,equipo
wrote,escribió
2009,2009
2012,2012
Because,Porque
South,Sur
end,fin
largest,más grande
songs,canciones
took,tomó
30,30
become,convertirse
country,país
example,ejemplo
father,padre
formed,formado
near,cerca
p.,pag.
s,s
town,ciudad
worked,trabajó
10,10
done,hecho
five,cinco
food,alimento
right,bien
served,servido
top,arriba
Most,Mayoría
countries,países
days,días
famous,famoso
form,forma
moved,movido
story,historia
third,tercero
using,usando
2020,2020
London,Londres
People,Gente
areas,áreas
building,edificio
human,humano
language,idioma
single,soltero
son,hijo
species,especies
the time,el tiempo
20,20
During,Durante
War,Guerra
change,cambiar
groups,grupos
parts,partes
without,sin
All,Todo
Japanese,japonés
John,John
State,Estado
career,carrera
members,miembros
original,original
out of,fuera de
problems,problemas
side,lado
sometimes,a veces
5,5
City,Ciudad
Her,Su
York,York
animals,animales
based on,Residencia en
because of,porque
common,común
gave,dio
less,menos
river,río
white,blanco
An,Un
New York,Nueva York
Since,Desde
as well,también
away,lejos
come,venir
include,incluir
others,otros
power,fuerza
short,corto
thought,pensamiento
wanted,buscado
women,mujer
2019,2019
French,Francés
Its,Es
Japan,Japón
great,excelente
line,línea
received,recibió
2001,2001
2016,2016
2017,2017
God,Dios
India,India
Indian,indio
That,Eso
big,grande
elected,elegido
give,dar
living,viviendo
politician,político
race,carrera
seen,visto
something,algo
term,término
types,tipos
war,guerra
2003,2003
ended,terminado
find,encontrar
head,cabeza
king,rey
lot,lote
never,nunca
off,apagado
say,decir
those,aquellos
want,desear
7,7
School,Escuela
a few,algunos
able,capaz
cannot,no puedo
female,femenino
money,dinero
outside,afuera
point,punto
special,especial
successful,exitoso
the two,los dos
though,aunque
14,14
2004,2004
2015,2015
2018,2018
England,Inglaterra
River,Río
a lot,mucho
added,agregado
club,club
decided,decidido
possible,posible
shows,espectáculos
type,tipo
1996,1996
2000,2000
2013,2013
She is,Ella es
Their,Su
always,siempre
announced,Anunciado
bad,malo
better,mejor
books,libros
district,distrito
episode,episodio
gets,obtiene
lost,perdido
man,hombre
party,fiesta
playing,jugando
record,registro
sea,mar
six,seis
television,televisión
version,versión
we,nosotros
within,dentro
16,dieciséis
Although,A pesar de
II,II
President,Presidente
There is,Hay
among,entre
caused,causado
ever,alguna vez
goes,va
held,sostuvo
highest,el más alto
island,isla
job,trabajo
light,luz
local,local
modern,moderno
movies,películas
public,público
real,real
station,estación
told,dijo
8,8
along,a lo largo de
appeared,apareció
daughter,hija
final,final
little,pequeño
national,nacional
open,abierto
order,orden
period,período
position,posición
to do,hacer
writing,escribiendo
air,aire
battle,batalla
character,personaje
church,iglesia
close,cerca
comes,llega
control,control
due,pendiente
due to,debido a
himself,él mismo
love,amar
model,modelo
need,necesidad
numbers,números
region,región
result,resultado
run,correr
space,espacio
that is,eso es
too,también
types of,tipos de
working,laboral
13,13
15,15
25,25
Championship,Campeonato
County,Condado
From,De
U.S.,A NOSOTROS.
With,Con
a number,un número
almost,casi
attack,ataque
idea,idea
joined,unido
late,tarde
once,una vez
our,nuestro
says,dice
ways,maneras
woman,mujer
words,palabras
11,11
12,12
2002,2002
24,24
Central,Central
Chinese,Chino
East,Este
France,Francia
German,Alemán
Italian,italiano
To,A
Union,Unión
as well as,así como
asked,preguntó
average,promedio
capital,capital
car,auto
certain,cierto
data,datos
established,establecido
fish,pez
going,yendo
ground,suelo
list,lista
meaning,significado
mother,madre
places,lugares
shown,mostrado
style,estilo
17,17
1998,1998
Academy,Academia
By,Por
King,Rey
Minister,Ministro
Other,Otro
TV,TELEVISOR
Two,Dos
Western,occidental
although,a pesar de
blood,sangre
brother,hermano
current,actual
eat,comer
election,elección
former,anterior
hit,golpear
hours,horas
humans,humanos
includes,incluir
leader,líder
least,el menos
live in,vivir en
longer,más extenso
move,mover
opened,abrió
parts of,partes de
political,político
scored,anotado
soon,pronto
today,hoy
100,100
18,18
Cup,Taza
European,europeo
International,Internacional
all the,todos
changes,cambios
development,desarrollo
house,casa
information,información
match,fósforo
might,podría
mostly,principalmente
official,oficial
produced,producido
returned,devuelto
role,role
sent,enviado
similar,similar
size,tamaño
smaller,menor
start,comenzar
surface,superficie
taken,tomado
the top,la parte superior
uses,usos
various,varios
western,occidental
wife,esposa
21,21
BC,antes de Cristo
China,Porcelana
Hall,Sala
San,San
art,arte
cause,causa
considered,consideró
could be,podría ser
developed,desarrollado
enough,suficiente
finished,finalizado
leading,principal
lives,vidas
male,masculino
nearly,cerca de
needed,necesario
players,jugadores
police,policía
so that,de modo que
support,apoyo
takes,acepta
up to,hasta
1992,1992
31,31
Canada,Canadá
James,Jaime
Russian,ruso
Sometimes,A veces
buildings,edificios
eight,ocho
energy,energía
especially,especialmente
events,eventos
goal,meta
half,medio
hard,duro
international,internacional
keep,mantener
look,mirar
months,meses
plants,plantas
present,presente
rights,derechos
south,sur
strong,fuerte
teams,equipos
theory,teoría
tried,intentó
years old,años
young,joven
28,28
9,9
Australia,Australia
Australian,australiano
Award,Otorgar
First,Primero
House,Casa
Park,Parque
So,Entonces
St.,Calle.
above,arriba
actor,actor
against the,en contra de
army,ejército
blue,azul
continued,continuado
damage,daño
directed,dirigido
director,director
fire,fuego
fourth,cuatro
general,general
generally,generalmente
having,teniendo
however,sin embargo
kill,matar
languages,lenguas
level,nivel
living in,viviendo en
made of,hecho de
military,militar
minutes,minutos
movement,movimiento
names,nombres
night,noche
not have,no tengo
novel,novedoso
quite,bastante
range,rango
recorded,grabado
signed,firmado
title,título
video,video
19,19
1988,1988
1995,1995
1999,1999
Army,Ejército
As of,A partir de
California,California
Congress,Congreso
Earth,Tierra
Europe,Europa
General,General
William,Guillermo
amount,cantidad
appears,aparecer
available,disponible
believe,creer
designed,diseñado
either,cualquiera
far,lejos
film,película
front,frente
hand,mano
inside,adentro
instead,en cambio
led,condujo
originally,originalmente
parents,padres
per,por
piece,pedazo
schools,escuelas
service,servicio
seven,Siete
ten,diez
village,aldea
1997,1997
22,22
And,Y
Group,Grupo
Island,Isla
Records,Registros
Society,Sociedad
US,A NOSOTROS
aircraft,aeronave
at least,al menos
contains,contiene
divided,dividido
east,este
fight,luchar
forces,efectivo
forms,formularios
free,gratis
kept,conservó
km,km
located,situado
north,norte
pieces,piezas
probably,probablemente
rest,descansar
social,social
sold,vendido
states,estados
studied,estudió
the country,el país
want to,querer
1970s,1970
27,27
Court,Corte
History,Historia
Kingdom,Reino
Later,Más tarde
Party,Fiesta
Press,Prensa
Roman,romano
across,al otro lado de
all of,todo
award,otorgar
becomes,se convierte en
census,censo
characters,caracteres
college,colega
computer,computadora
happened,sucedió
league,liga
likely,probable
lines,líneas
meet,encontrarse
minor,menor
president,presidente
ran,corrió
reached,alcanzó
red,rojo
relationship,relación
rules,normas
showed,presentado
skin,piel
sound,sonido
source,fuente
square,cuadrado
the people,la gente
themselves,ellos mismos
why,por qué
1969,1969
According,De acuerdo a
America,America
Germany,Alemania
Today,Hoy
While,Mientras
You,Tú
already,ya
artist,artista
bottom,abajo
business,negocio
call,llamar
case,caso
cases,casos
category,categoría
complete,completo
earlier,más temprano
force,fuerza
full,lleno
goals,objetivos
green,verde
helped,ayudó
husband,marido
itself,sí mismo
kind,amable
kinds,tipo
know,saber
leave,dejar
leaves,hojas
legal,legal
met,reunió
meters,medidores
middle,medio
normal,normal
past,pasado
placed,metido
quickly,rápidamente
related,relacionado
rock,roca
runs,carreras
services,servicios
someone,alguien
the best,el mejor
thing,cosa
to go,ir
twice,dos veces
view,vista
west,Oeste
1971,1971
1976,1976
1980,1980
1984,1984
1989,1989
1993,1993
23,23
50,50
Best,Mejor
Black,Negro
Center,Centro
Company,Compañía
Day,Día
George,Jorge
Great,Excelente
III,III
Like,Como
Mary,María
Sea,Mar
Then,Entonces
action,acción
allow,permitir
animal,animal
beginning,comienzo
cells,células
course,curso
culture,cultura
dead,muerto
department,departamento
described,descrito
dry,seco
field,campo
football,fútbol americano
getting,conseguir
hold,sostener
included,incluido
individual,individual
kinds of,tipos de
law,ley
length,longitud
males,machos
miles,millas
moving,Moviente
piano,piano
plant,planta
plays,obras de teatro
points,puntos
problem,problema
production,producción
protect,proteger
radio,radio
removed,remoto
return,devolver
selected,seleccionado
separate,separado
singer,cantante
soldiers,soldados
sports,Deportes
study,estudiar
supported,soportado
talk,hablar
tracks,pistas
traditional,tradicional
train,tren
whole,entero
1977,1977
1983,1983
1987,1987
1991,1991
26,26
Another,Otro
Christian,cristiano
Council,Concejo
Games,Juegos
Henry,Enrique
Robert,Robert
Science,Ciencia
Smith,Herrero
Soviet,Soviético
West,Oeste
actress,Actriz
allowed,permitido
ancient,antiguo
appearance,apariencia
articles,artículos
beat,derrotar
below,abajo
biggest,más grande
bodies,cuerpos
causes,causas
central,central
colors,colores
competition,competencia
copies,copias
dark,oscuro
die,morir
edition,edición
engine,motor
exist,existir
eyes,ojos
face,rostro
families,familias
grow,crecer
lead,dirigir
low,bajo
made up,arreglado
matches,partidos
mean,significar
news,noticias
northern,del Norte
older,más viejo
owned,de propiedad
performance,actuación
performed,realizado
positive,positivo
regular,regular
retired,jubilado
science,ciencia
society,sociedad
solid,sólido
systems,sistemas
tell,decir
the idea,la idea
throughout,a lo largo de
to keep,mantener
unknown,desconocido
whom,a quien
wide,ancho
write,escribir
yellow,amarillo
1981,1981
1985,1985
1994,1994
2021,2021
Africa,África
African,africano
Also,También
American politician,Político americano
Edward,Eduardo
Italy,Italia
Jackson,Jackson
La,La
Museum,Museo
No,No
Royal,Real
Sun,Sol
Texas,Texas
according,de acuerdo a
according to,de acuerdo a
allows,permitir
beautiful,hermoso
believed,creído
child,niño
couple,pareja
currently,actualmente
cut,cortar
design,diseño
difficult,difícil
elements,elementos
entered,ingresó
evolution,evolución
fall,caer
features,características
feet,pies
following,siguiente
gold,oro
hair,cabello
heart,corazón
higher,más alto
in the world,en el mundo
key,llave
kind of,un poco
learning,aprendiendo
letters,letras
magazine,revista
marriage,casamiento
mass,masa
material,material
most important,lo más importante
natural,natural
nature,naturaleza
oldest,más antiguo
plan,plan
port,puerto
reaction,reacción
reason,razón
referred,referido
referred to,referido a
roles,roles
round,redondo
running,correr
scientists,científicos
seasons,estaciones
speed,velocidad
stopped,interrumpido
storm,tormenta
students,estudiantes
success,éxito
tells,contado
the book,el libro
tries,intentos
TRUE,VERDADERO
try,intentar
understand,entender
university,universidad
widely,ampliamente
1960s,1960
1966,1966
1982,mil novecientos ochenta y dos
29,29
Association,Asociación
Catholic,católico
Chicago,Chicago
Committee,Comité
David,David
District,Distrito
Even,Incluso
Government,Gobierno
Grand,grandioso
Korean,coreano
Line,Línea
Me,A mí
Paris,París
The album,El álbum
Washington,Washington
actions,comportamiento
actually,de hecho
along with,junto con
as one,como uno
associated,asociado
awards,premio
board,junta
boy,chico
center,centro
charge,cargar
close to,cerca de
cold,frío
companies,compañías
create,crear
dance,bailar
discovered,descubierto
disease,enfermedad
event,evento
fifth,quinto
further,más
future,futuro
guitar,guitarra
have to,tengo que
hot,caliente
independent,independiente
influence,influencia
introduced,introducido
levels,nivel
month,mes
needs,necesidades
paid,pagado
passengers,pasajeros
place in,colocar en
prison,prisión
process,proceso
province,provincia
release,liberar
remained,se mantuvo
score,puntaje
set up,configuración
showing,demostración
simple,simple
situation,situación
sources,fuentes
stay,permanecer
structure,estructura
thousands,miles
training,capacitación
tree,árbol
units,unidades
vote,votar
wants,quiere
weeks,semanas
weight,peso
writer,escritor
your,su
1943,1943
1956,1956
1964,1964
1986,1986
1990,1990
20th,20
2nd,Segundo
Both,Ambos
Each,Cada
Eastern,Oriental
High,Alto
Louis,Louis
Music,Música
My,Mi
Now,Ahora
Old,Viejo
The city,La ciudad
Unlike,A diferencia de
World War,Guerra Mundial
active,activo
activities,actividades
adults,adulto
applications,aplicaciones
artists,artistas
base,base
billion,mil millones
birth,nacimiento
boat,bote
bridge,puente
brought,trajo
buy,comprar
channel,canal
chosen,elegido
class,clase
cm,cm
community,comunidad
completely,completamente
complex,complejo
composed,compuesto
county,condado
degree,grado
destroyed,destruido
doing,haciendo
each other,entre sí
else,demás
episodes,episodios
expected,esperado
fact,hecho
fast,rápido
fell,cayó
flows,flujos
friend,amigo
friends,amigos
happens,ocurrir
hundred,centenar
ice,hielo
ideas,ideas
in that,en eso
instead of,en lugar de
islands,islas
knew,sabía
launched,lanzado
leaving,partida
lower,más bajo
m,metro
made up of,compuestos de
materials,materiales
me,a mí
meeting,reunión
musical,musical
my,mi
need to,Necesitar
oil,aceite
passed,aprobado
pp.,páginas.
previous,anterior
primary,primario
private,privado
products,productos
professional,profesional
rate,tasa
replaced,reemplazado
reported,reportado
ring,anillo
saying,dicho
simply,simplemente
stage,escenario
star,estrella
stars,estrellas
starting,a partir de
stories,cuentos
subject,sujeto
summer,verano
temperature,temperatura
track,pista
treatment,tratamiento
tropical,tropical
voice,voz
yet,todavía
1952,1952
1970,1970
1979,1979
80,80
About,Acerca de
Andrew,Andrés
Art,Arte
Arts,Letras
Assembly,Asamblea
Big,Grande
Britain,Bretaña
Christmas,Navidad
Church,Iglesia
Health,Salud
Infantry,Infantería
Journal,Diario
Korea,Corea
Michael,Miguel
Northern,Del Norte
Olympics,Juegos Olímpicos
Over,Encima
Pakistan,Pakistán
Peter,Péter
Prize,Premio
Red,Rojo
Republic,República
Richard,Ricardo
Spanish,Español
Team,Equipo
The game,El juego
UK,Reino Unido
Usually,Generalmente
a man,un hombre
accepted,aceptado
an average,un promedio
awarded,galardonado
baby,bebé
begins,comienza
behind,detrás
bit,poco
cars,carros
cities,ciudades
coast,costa
condition,condición
connected,conectado
correct,correcto
court,corte
covered,cubierto
decision,decisión
drama,drama
effect,efecto
eggs,huevos
ends,fines
everything,todo
feelings,sentimientos
fields,campos
fighting,lucha
finds,hallazgos
flight,vuelo
fully,completamente
gas,gas
grew,creció
increased,aumentó
join,unirse
lawyer,abogado
legs,piernas
location,ubicación
long time,largo tiempo
marry,casar
medical,médico
mountain,montaña
municipality,municipio
musician,músico
newspaper,periódico
nine,nueve
note,nota
object,objeto
officer,oficial
perform,llevar a cabo
plane,avión
poor,pobre
powerful,poderoso
practice,práctica
presented,presentado
provides,brindar
reach,alcanzar
reasons,razones
recent,reciente
remains,restos
research,investigación
results,resultados
rice,arroz
room,habitación
search,buscar
seconds,segundos
secret,secreto
sense,sentido
ship,barco
site,sitio
spent,gastado
stop,detener
studies,estudios
survived,sobrevivió
taking,tomando
the church,la Iglesia
trying,intentando
turn,doblar
versions,versiones
whether,si
win,ganar
1933,1933
1973,1973
1974,1974
1980s,1980
20th century,siglo 20
3rd,Tercero
Awards,Premio
Between,Entre
Brown,Marrón
College,Colega
Division,División
Governor,Gobernador
Greek,Griego
Ireland,Irlanda
Jewish,judío
Joseph,Joseph
Latin,latín
Lee,Sotavento
More,Más
Mount,Montar
New York City,Nueva York
Often,A menudo
Paul,Pablo
Pope,Papa
Professor,Profesor
Research,Investigación
Road,Camino
Scott,Escocés
Second,Segundo
The band,La banda
Times,Veces
USA,EE.UU
Windows,Windows
Women's,De las mujeres
York City,Ciudad de York
Young,Joven
activity,actividad
added to,añadido a
addition,suma
adopted,adoptado
affected,afectado
afterwards,después
appear,aparecer
arrived,llegó
article,artículo
ball,pelota
bank,banco
becoming,convirtiéndose
bigger,más grande
birds,aves
break,romper
broke,en bancarrota
brown,marrón
burned,quemado
championship,campeonato
closed,cerrado
coach,entrenador
concept,concepto
daily,a diario
damaged,dañado
date,fecha
earliest,más temprano
earth,tierra
easily,fácilmente
economic,económico
enemy,enemigo
era,era
extremely,extremadamente
featured,presentado
feel,sentir
followed,seguido
generation,generación
gives,da
giving,donación
go to,ir a
heat,calor
heavy,pesado
helps,ayuda
here,aquí
highly,altamente
host,anfitrión
influenced,influenciado
items,elementos
jobs,trabajos
killing,asesinato
larger,más grande
letter,carta
likely to,probablemente
market,mercado
meant,quiso decir
morning,mañana
movements,movimientos
municipalities,municipios
nominated,nominado
not known,no conocida
notes,notas
office,oficina
plans,planes
powers,potestades
producer,productor
program,programa
programs,programas
rather,bastante
regions,regiones
reports,informes
responsible,responsable
reviews,reseñas
road,camino
rule,regla
saw,sierra
scale,escala
seems,parece
shape,forma
spoken,hablado
stone,piedra
that time,ese momento
the club,el club
the government,el Gobierno
think,pensar
thinks,pensamiento
tour,recorrido
try to,intentar
users,usuarios
value,valor
wear,tener puesto
website,sitio web
wind,viento
winner,ganador
1917,1917
1944,1944
1950s,1950
1958,1958
1967,1967
1975,1975
1990s,Década de 1990
200,200
60,60
Battle,Batalla
Bay,Bahía
Before,Antes
Castle,Castillo
D.,D.
De,Delaware
Dr.,Dr.
Dutch,Holandés
El,El
Festival,Festival
H,H
Kong,Kong
Little,Pequeño
Lord,Caballero
Martin,Martín
Middle,Medio
Polish,Polaco
Republican,Republicano
Senate,Senado
Sir,Señor
Southern,Del Sur
The other,El otro
The word,La palabra
Tom,Tomás
Tropical,Tropical
United Kingdom,Reino Unido
We,Nosotros
White,Blanco
agree,aceptar
agreement,acuerdo
and also,y también
angry,enojado
architecture,arquitectura
asks,pidiendo
at the end,al final
bands,bandas
be able,ser capaz
be used to,ser usado para
build,construir
buried,enterrado
camera,cámara
campaign,campaña
cancer,cáncer
candidate,candidato
care,cuidado
caused by,causado por
cell,celúla
centre,centro
challenges,desafíos
chemical,químico
circuit,circuito
clear,claro
comedy,comedia
coming,próximo
competed,competido
composer,compositor
concert,concierto
creation,creación
cultural,cultural
eastern,oriental
effects,efectos
entire,completo
eventually,eventualmente
evidence,evidencia
existed,existió
females,hembras
festival,festival
films,Película (s
fly,volar
forced,forzado
fought,luchó
gained,ganado
garden,jardín
girls,chicas
greatest,mejor
guide,guía
happy,feliz
heard,escuchó
historical,histórico
hospital,hospital
illegal,ilegal
improve,mejorar
infection,infección
instruments,instrumentos
interest,interés
issues,asuntos
knowledge,conocimiento
laws,leyes
less than,menos que
let,dejar
limited,limitado
loss,pérdida
mainly,principalmente
majority,mayoría
measure,medida
mixed,mezclado
mouth,boca
museum,museo
nearby,cercano
network,red
number one,número uno
officially,oficialmente
opera,ópera
painted,pintado
particular,particular
planned,planificado
positions,posición
prize,premio
races,Razas
records,registros
refers,se refiere
regional,regional
remaining,restante
required,requerido
rich,rico
rocks,rocas
royal,real
secondary,secundario
sex,sexo
shooting,tiroteo
singing,cantando
sizes,tallas
skills,habilidades
slightly,levemente
solo,solo
southern,del Sur
stand,pararse
status,estado
stayed,permaneció
studio,estudio
supposed,supuesto
sure,seguro
tall,alto
technology,tecnología
test,prueba
the past,el pasado
therefore,por lo tanto
towards,hacia
trains,trenes
turned,transformado
us,a nosotros
weather,clima
week,semana
whose,cuyo
1940,1940
1948,1948
1959,1959
1963,1963
1965,1965
1968,1968
1978,1978
Ancient,Antiguo
Angeles,Ángeles
Asia,Asia
Brian,Brian
C,C
Cambridge,Cambridge
Canadian,canadiense
Carolina,Carolina
Club,Club
Duke,Duque
Edition,Edición
Film,Película
Formula,Fórmula
Hong,Hong
IV,IV
Irish,irlandesa
Jack,Jacobo
Lake,Lago
League,Liga
Los,Loss
Love,Amar
Parliament,Parlamento
Police,Policía
Province,Provincia
Rome,Roma
Russia,Rusia
Secretary,Secretario
Series,Serie
Show,Espectáculo
Special,Especial
Storm,Tormenta
Sweden,Suecia
Taylor,Taylor
Therefore,Por lo tanto
Tower,Torre
Town,Ciudad
University Press,Prensa universitaria
What,Qué
World Cup,Copa Mundial
Year,Año
a little,un poco
access,acceso
act,acto
acting,interino
activist,activista
albums,álbumes
anyone,alguien
as of,a partir de
atoms,átomos
audience,audiencia
author,autor
bones,huesos
brain,cerebro
branch,rama
carry,llevar
classical,clásico
color,color
connect,conectar
consists,consiste
courts,tribunales
critics,críticos
d,d
dances,bailes
declared,declarado
defense,defensa
defined,definido
determined,determinado
device,dispositivo
devices,dispositivos
difference,diferencia
direction,dirección
distance,distancia
drugs,drogas
easy,fácil
engines,motores
evening,noche
evil,demonio
extended,extendido
finally,finalmente
fishing,pesca
flow,fluir
for example,Por ejemplo
foreign,extranjero
forward,adelante
founder,fundador
fun,divertido
function,función
girl,chica
global,global
hidden,oculto
iPod,iPod
in the middle,en el centro
in two,en dos
increase,aumentar
industry,industria
inhabitants,habitantes
issue,asunto
journey,viaje
label,etiqueta
lake,lago
leaders,líder
learn,aprender
looking,mirando
loved,amado
mayor,alcalde
medicine,medicamento
merged,fusionado
message,mensaje
method,método
mountains,montañas
necessary,necesario
neck,cuello
novels,novelas
numerous,numeroso
occur,ocurrir
page,página
pages,páginas
pay,pagar
picture,imagen
pressure,presión
prevent,prevenir
previously,previamente
prime,principal
rain,lluvia
receive,recibir
remove,eliminar
represent,representar
response,respuesta
responsible for,responsable de
return to,volver a
scientific,científico
serves,porción
shot,disparo
sister,hermana
sites,sitios
sounds,sonidos
spread,desparramar
spring,primavera
standing,de pie
steps,pasos
symbol,símbolo
task,tarea
taught,enseñó
territory,territorio
the amount,La cantidad
the present,el presente
the story,la historia
the whole,El conjunto
theme,tema
titles,títulos
towns,pueblo
travel,viajar
women's,De las mujeres
wood,madera
work in,trabajar en
worldwide,mundial
worn,gastado
wounded,herido
wrong,equivocado
1000,1000
12th,12
1931,1931
1962,1962
1972,1972
50°,50 °
Airport,Aeropuerto
Asian,asiático
B,B
Boeing,Boeing
Boston,Bostón
Chief,Jefe
Democratic,Democrático
Different,Diferente
Director,Director
Doctor,Doctor
E.,MI.
Early,Temprano
Egypt,Egipto
Every,Cada
Francis,Francis
Heart,Corazón
Hong Kong,Hong Kong
Instead,En cambio
Institute,Instituto
J.,J.
Jesus,Jesús
Johnson,Johnson
Kings,Reyes
L.,Les
Los Angeles,los Angeles
Marine,Marina
Mexico,México
Miss,Extrañar
NBA,NBA
Natural,Natural
Once,Una vez
Opera,Ópera
Originally,Originalmente
Oxford,Oxford
Pokémon,Pokémon
Power,Fuerza
Queen,Reina
Raw,Crudo
Sciences,Ciencias
Stephen,Stephen
Theatre,Teatro
Thomas,Thomas
Three,Tres
Under,Bajo
Wales,Gales
Women,Mujer
ago,atrás
airport,aeropuerto
alive,vivo
alone,solo
anything,cualquier cosa
approximately,aproximadamente
arrested,detenido
as to,en cuanto a
at the same time,al mismo tiempo
attacks,ataques
bass,bajo
be seen,ser visto
behavior,comportamiento
belief,creencia
block,bloquear
bought,compró
branches,sucursales
breed,criar
bring,traer
burning,incendio
calls,llamadas
cats,gatos
chair,silla
chart,cuadro
climate,clima
clothing,ropa
code,código
coffee,café
collection,recopilación
colour,color
compared,comparado
confirmed,confirmado
conflict,conflicto
cost,costo
council,concejo
covers,cubiertas
crew,multitud
cross,cruz
cultures,culturas
dangerous,peligroso
deaths,fallecidos
debut,debut
deep,profundo
depending,dependiente
depending on,Dependiendo de
destroy,destruir
didn't,no
divorce,divorcio
doctor,doctor
don't,no
drive,conducir
dropped,abandonó
edge,borde
elections,elecciones
enemies,enemigos
entirely,enteramente
environment,ambiente
examples,ejemplos
expensive,caro
experience,experiencia
factory,fábrica
failed,fallido
federal,federal
feeling,sentimiento
figure,cifra
follow,seguir
frog,rana
god,dios
height,altura
herself,sí misma
hill,colina
holding,tenencia
houses,casas
housing,alojamiento
huge,enorme
immediately,inmediatamente
in love,enamorado
in the middle of,en el medio de
independence,independencia
involved,involucrado
involves,imponer
issued,emitido
liquid,líquido
list of,lista de
many times,muchas veces
map,mapa
master,maestro
measures,medidas
memory,memoria
methods,métodos
mind,mente
missing,desaparecido
mode,modo
moves,movimientos
narrow,angosto
no one,nadie
normally,normalmente
not like,diferente a
notable,notable
ocean,océano
officers,oficiales
online,en línea
onto,sobre
orchestra,orquesta
ordinary,común
organization,organización
origin,origen
owner,dueño
path,camino
physical,físico
plain,plano
printed,impreso
produce,producir
project,proyecto
properly,adecuadamente
provided,proporcionó
put on,ponerse
question,pregunta
questions,preguntas
railway,ferrocarril
rare,extraño
rarely,casi nunca
recording,grabación
reign,reinado
relations,relaciones
religion,religión
religious,religioso
remain,permanecer
rivers,ríos
save,ahorrar
selection,selección
separated,apartado
setting,configuración
settled,establecido
share,compartir
significant,significativo
singles,individual
slowly,despacio
sons,hijos
speaking,discurso
specific,específico
stages,etapas
standard,estándar
stems,tallos
strings,instrumentos de cuerda
styles,estilos
table,mesa
technique,técnica
the Indian,el indio
the air,El aire
the future,el futuro
theatre,teatro
thinking,pensamiento
throne,trono
time in,tiempo en
tournament,torneo
universe,universo
upon,al
values,valores
very good,muy bien
visit,visita
walk,caminar
walls,paredes
winds,vientos
workers,trabajadores
"100,000","100,000"
1912,1912
1919,1919
1927,1927
1929,1929
1941,1941
1945,1945
1949,1949
40,40
500,500
Affairs,asuntos
Age,Edad
Air,Aire
Americans,Estadounidenses
Board,Junta
Caribbean,caribe
Chairman,Presidente
Championships,Campeonato
Christopher,Christopher
Civil,Civil
Coast,Costa
Cuba,Cuba
Currently,Actualmente
Department,Departamento
Education,Educación
Egyptian,egipcio
Emperor,Emperador
Federal,Federal
Federation,Federación
Foundation,Base
Frank,Franco
Free,Gratis
High School,Escuela secundaria
Hill,Colina
House of,casa de
Internet,Internet
Is,Es
It's,Es
Jane,Jane
Jersey,Jersey
Jim,Jim
José,José
Kansas,Kansas
Kirby,Kirby
Lady,Dama
Last,Último
Man,Hombre
Marshall,Marshall
Mexican,mexicano
Modern,Moderno
NHL,NHL
Nations,Naciones
No.,No.
Nowadays,Hoy en día
Only,Solo
Pacific,Pacífico
Paralympic,Paralímpico
Percy,Pinchazo
Prix,Premio
Service,Servicio
Several,Varios
Six,Seis
Speaker,Vocero
Star,Estrella
Switzerland,Suiza
Time,Tiempo
Tropical Storm,Tormenta tropical
Virginia,Virginia
War II,Guerra II
World War II,Segunda Guerra Mundial
X,X
a certain,un cierto
acts,hechos
actual,actual
adult,adulto
aged,Envejecido
agency,agencia
aired,transmitido
all over,por todas partes
analysis,análisis
appointed,fijado
argued,argumentó
arrondissement,acumulación
attacked,atacado
avoid,evitar
away from,lejos de
background,fondo
be found,ser encontrado
beach,playa
bridges,puentes
broadcast,transmisión
calendar,calendario
camp,acampar
capture,captura
captured,capturado
carried,transportado
carrying,que lleva
championships,campeonato
citizens,los ciudadanos
clothes,ropa
coins,monedas
column,columna
commercial,comercial
competitions,concursos
completed,terminado
compounds,compuestos
concerts,conciertos
contain,contener
continues,continúa
contract,contrato
controlled,revisado
crash,chocar
creating,creación
crime,delito
crossed,cruzado
deal,trato
dedicated,dedicado
depression,depresión
direct,directo
division,división
doctors,doctores
door,puerta
double,doble
draw,dibujar
drunk,ebrio
e,mi
earned,ganado
editor,editor
electronic,electrónico
equal,igual
exact,exacto
except,excepto
executive,ejecutivo
exists,existe
expanded,expandido
express,expresar
falls,caídas
fans,aficionados
felt,sintió
filled,completado
fit,adaptar
flowers,flores
forest,bosque
fruit,fruta
fuel,combustible
giant,gigante
go on,seguir
gods,Dioses
good at,bueno en
governor,gobernador
graduated,graduado
guest,invitado
guilty,culpable
hands,manos
holds,agujeros
hosted,alojado
hour,hora
hurricane,huracán
hurt,herir
in all,en todo
in front,Al frente
intended,destinado
it's,es
judge,juez
keeping,acuerdo
keys,llaves
kings,reyes
liked,apreciado
listed,listado
looks,aspecto
losing,perdiendo
make it,hazlo
mammals,mamíferos
management,gestión
matter,asunto
mentioned,mencionado
minister,ministro
multiple,múltiple
newspapers,periódicos
occurs,ocurre
offer,oferta
offered,Ofrecido
on to,sobre
ones,unos
operas,óperas
operating,operando
opposite,opuesto
origins,orígenes
pain,dolor
painting,cuadro
paper,papel
parties,fiestas
passes,pases
performances,actuaciones
personal,personal
pictures,fotos
possibly,posiblemente
presidential,presidencial
prey,presa
primarily,ante todo
product,producto
protests,protestas
provide,proporcionar
provinces,provincias
pure,puro
purpose,objetivo
put in,meter en
quality,calidad
quark,cuarc
raise,aumentar
read,leer
replace,reemplazar
report,informe
revealed,reveló
route,ruta
ruled,gobernado
seat,asiento
section,sección
security,seguridad
serving,servicio
severe,severo
sexual,sexual
ships,buques
sisters,hermanas
software,software
soil,suelo
speak,hablar
split,dividir
stadium,estadio
stands,stands
starred,sembrado de estrellas
steel,acero
stops,parada
store,almacenar
street,calle
student,alumno
sun,sol
supplies,suministros
symptoms,síntomas
teacher,maestro
teeth,dientes
the front,El frente
the public,el público
the ring,el anillo
to come,venir
tower,torre
trade,comercio
treated,tratado
tribes,tribus
troops,tropas
tube,tubo
typically,típicamente
underground,subterráneo
understanding,comprensión
useful,útil
variable,variable
via,a través de
villages,aldeas
visual,visual
weak,débil
well-known,bien conocido
work on,trabajar en
world's,del mundo
worse,peor
.”,". """
130,130
150,150
1873,1873
18th,18
1926,1926
1928,1928
1946,1946
1950,1950
1954,1954
1961,1961
1st,Primero
33,33
36,36
400,400
4th,Cuarto
A.,A.
Act,Acto
Adams,Adams
Bank,Banco
Ben,Ben
Brazilian,brasileño
Bridge,Puente
Cape,capa
Charles,Charles
Chess,Ajedrez
Communist,Comunista
Count,Contar
Creek,Arroyo
D,D
DVD,DVD
Data,Datos
Dead,Muerto
Despite,A pesar de
Dictionary,Diccionario
Empire,Imperio
Fame,Fama
Family,Familia
Flight,Vuelo
Four,Cuatro
Francisco,Francisco
Girls,Chicas
Golden,Dorado
Grand Prix,Gran Premio
Green,Verde
Hall of Fame,Salón de la Fama
Harry,Harry
Highway,Carretera
Imperial,Imperial
In 2001,En 2001
Infantry Division,división de Infantería
Information,Información
Jacob,Jacob
Jr.,Jr.
Knight,Caballero
Law,Ley
Le,Lealté
Life,Vida
Light,Luz
Lincoln,Lincoln
Live,Vivir
M.,METRO.
Major,Importante
Marie,Marie
Mario,Mario
Mark,Marca
Max,Máximo
Ministry,Ministerio
Monday,Lunes
Moscow,Moscú
Muslim,musulmán
Navy,Armada
Network,Red
New Zealand,Nueva Zelanda
Night,Noche
Not,No
Ocean,Océano
Others,Otros
P.,PAG.
Palace,Palacio
Philippines,Filipinas
Point,Punto
Prime,Principal
Project,Proyecto
Public,Público
Punjab,Punjab
Region,Región
Retrieved,Recuperado
Rock,Roca
Saint,Smo.
Santa,Papa Noel
Scotland,Escocia
Singapore,Singapur
Soon,Pronto
South Africa,Sudáfrica
Soviet Union,Unión Soviética
Sports,Deportes
Stanley,Stanley
Stars,Estrellas
Such,Semejante
Summer,Verano
Super,Súper
System,Sistema
T.,T.
The New,El nuevo
The new,El nuevo
The people,La gente
The show,El espectáculo
Tokyo,Tokio
Tour,Recorrido
V,V
Valley,Valle
Victoria,Victoria
Water,Agua
Wisconsin,Wisconsin
Work,Trabajar
Zealand,Zelanda
accident,accidente
actors,actores
ages,siglos
ahead,adelante
alcohol,alcohol
alongside,junto a
and/or,y/o
annual,anual
answer,respuesta
application,solicitud
approach,acercarse
approved,aprobado
arena,arena
arm,brazo
arms,brazos
balance,balance
banks,bancos
basis,base
be in,estar en
bird,pájaro
bishop,obispo
brothers,hermanos
cards,tarjetas
cat,gato
catch,atrapar
caves,cueva
chance,oportunidad
charged,cargado
charts,gráficos
chess,ajedrez
children's,para niños
choice,elección
choose,elegir
churches,iglesias
civil,civil
claimed,reclamado
clubs,clubs
coal,carbón
combination,combinación
combined,conjunto
compared to,en comparación con
concentration,concentración
concepts,conceptos
constitution,constitución
construction,construcción
content,contenido
danger,peligro
dating,tener una cita
decade,década
decides,decidir
defeated,derrotado
defend,defender
depth,profundidad
deputy,diputado
describe,describir
designs,diseños
developing,desarrollando
directly,directamente
districts,distritos
documents,documentos
drink,beber
drug,droga
dust,polvo
economy,economía
education,educación
effective,eficaz
element,elemento
emperor,emperador
equipment,equipo
escape,escapar
escaped,escapado
estimated,estimado
et,en
eye,ojo
farm,granja
farmers,agricultores
faster,más rápido
feature,característica
feels,siente
financial,financiero
finding,hallazgo
finish,finalizar
fired,despedido
focused,centrado
for each,para cada
formation,formación
formerly,antes
from the first,desde el principio
functions,funciones
funeral,funeral
genetic,genético
give up,abandonar
given to,dado a
gone,desaparecido
governments,gobiernos
greatly,muy
growing,creciente
grown,crecido
hall,sala
health,salud
hear,escuchar
hole,agujero
horse,caballo
illness,enfermedad
in charge,en cargo
in charge of,a cargo de
in front of,delante de
in love with,enamorado de
in order,en orden
inches,pulgadas
individuals,individuos
injuries,lesiones
instructions,instrucciones
km²,km²
la,la
lack,falta
landed,aterrizado
lands,tierras
lang,lang
layer,capa
layers,capas
learned,aprendió
library,biblioteca
link,enlace
lists,liza
literature,literatura
longest,el más largo
lots,lotes
manages,manejar
marked,marcado
marketing,marketing
measured,Medido
medal,medalla
media,medios de comunicación
medium,medio
messages,mensajes
meter,metro
might be,puede ser
millions,millones
ministers,ministros
minute,minuto
mission,misión
mistake,error
mm,mm
motor,motor
native,nativo
negative,negativo
next to,junto a
nickname,apodo
not change,Sin cambio
noticed,observó
of the best,de lo mejor
on top,en la parte superior
one another,unos y otros
operations,operaciones
or not,O no
ordered,ordenado
outside of,fuera de
overall,en general
owners,propietarios
parliament,parlamento
particles,partículas
peak,cima
performing,ejecutando
persons,persona
phone,teléfono
planet,planeta
poetry,poesía
presence,presencia
prices,precios
prisoners,prisioneros
probability,probabilidad
producing,productor
programming,programación
prominent,prominente
proof,prueba
properties,propiedades
protected,protegido
purchased,comprado
rates,tarifa
rather than,en vez de
ready,listo
really,en realidad
rebuilt,reconstruido
receives,recibo
reference,referencia
refused,rechazado
relatively,relativamente
renamed,renombrado
rope,soga
saved,salvado
sell,vender
selling,venta
send,enviar
senior,sénior
serve,atender
settlers,colonos
shortened,acortado
sign,firmar
sing,cantar
sixth,sexto
societies,sociedad
soft,suave
songwriter,compositor de canciones
speech,discurso
spend,gastar
staff,personal
stood,permaneció
straight,derecho
stress,estrés
strike,huelga
sugar,azúcar
sung,cantado
supply,suministrar
surviving,sobreviviente
talent,talento
talk about,hablar sobre
teaching,enseñando
tend,tender
tend to,tiende a
text,texto
the greatest,la mayor
the line,la línea
the military,el militar
till,hasta
translation,traducción
treaty,tratado
twelve,doce
unable,incapaz
unable to,incapaz de
unique,único
upper,superior
user,usuario
valley,valle
variations,variaciones
vehicle,vehículo
very much,mucho
very well,muy bien
voted,votado
wall,muro
warm,cálido
watch,mirar
weapon,arma
weapons,arma
web,web
weigh,pesar
wild,salvaje
wins,victorias
winter,invierno
.',. '
"1,000","1,000"
10th,Décimo
15th,15
16th,16
1861,1861
1900,1900
1913,1913
1923,1923
1925,1925
1930,1930
1935,1935
1936,1936
1937,1937
1938,1938
1939,1939
1942,1942
1947,1947
1957,1957
1960,1960
"3,000",3.000
44,44
70,70
AD,ANUNCIO
Airbus,Aerobús
Alan,Alan
Among,Entre
Anglo-Saxon,anglosajón
Area,Área
Atlantic,atlántico
Austrian,austriaco
Bad,Malo
Ballet,Ballet
Bangladesh,Bangladesh
Beatles,Beatles
Berlin,Berlina
Catherine,Catherine
Civil War,Guerra civil
Cold,Frío
Conference,Conferencia
Constitution,Constitución
Death,Muerte
Delhi,Delhi
Deputy,Diputado
Dogs,Perros
Douglas,Douglas
Eisenhower,Eisenhower
Elizabeth,Elizabeth
Even though,A pesar de
F.,F.
Florence,Florencia
Florida,Florida
Force,Fuerza
Formula One,Formula Uno
Fort,Fuerte
Foster,Alentar
Game,Juego
Germans,Alemanes
Gold,Oro
Having,Teniendo
Hitler,Hitler
Ice,Hielo
Illinois,Illinois
Israel,Israel
Joe,José
Kevin,Kevin
Let,Dejar
Lewis,Luis
Library,Biblioteca
MP,Diputado
Master,Maestro
Matthew,Mateo
Mayflower,muguete
Nation,Nación
Nature,Naturaleza
Nazi,nazi
Netherlands,Países Bajos
New Jersey,New Jersey
Nintendo,Nintendo
Northern Ireland,Irlanda del Norte
Norway,Noruega
Of,De
Office,Oficina
Oklahoma,Oklahoma
Olympic,olímpico
On the other hand,Por otro lado
Order,Orden
Post,Correo
Publishing,Publicación
Radio,Radio
Regional,Regional
Roman Catholic,católico romano
Rose,Rosa
San Francisco,San Francisco
Seiko,Seiko
Simon,Simón
Singh,Singh
Small,Pequeño
South Korea,Corea del Sur
Station,Estación
Street,Calle
Supreme,Supremo
Swedish,sueco
Technology,Tecnología
The British,El británico
The company,La empresa
The story,La historia
Third,Tercero
Those,Aquellos
Thus,De este modo
Trade,Comercio
U,U
Up,Arriba
Very,Muy
Village,Aldea
WWE,WWE
Wikipedia,Wikipedia
Will,Voluntad
Williams,Williams
Woman,Mujer
acted,actuado
add,agregar
afternoon,tarde
airplane,avión
am,soy
and all,y todo
appearances,apariciones
applied,aplicado
as much as,tanto como
asking,preguntando
at all,en absoluto
attempt,intentar
attorney,abogado
band's,bandas
bar,bar
basic,básico
bed,cama
begin,comenzar
behaviour,comportamiento
birthday,cumpleaños
boats,barcos
boundary,Perímetro
box,caja
boys,Niños
breeding,cría
businessman,empresario
camps,campamentos
cast,elenco
centuries,siglos
challenge,desafío
chemicals,químicos
chemistry,química
cinema,cine
circulation,circulación
classic,clásico
commonly,comúnmente
communication,comunicación
complicated,complicado
convicted,convicto
cover,cubrir
crashed,se estrelló
cricket,Grillo
critical,crítico
customers,clientes
daughters,hijas
defeat,fracaso
develop,desarrollar
differences,diferencias
dinosaur,dinosaurio
discovery,descubrimiento
display,mostrar
distinct,distinto
divorced,divorciado
doesn't,no
dogs,perros
doors,puertas
dream,sueño
driven,impulsado
driver,conductor
drivers,conductores
drove,condujo
dry season,estación seca
duty,deber
edited,editado
educational,educativo
eighth,octavo
electric,eléctrico
electrical,eléctrico
electron,electrón
empire,imperio
ending,finalizando
engineering,ingeniería
entrance,entrada
equivalent,equivalente
exactly,exactamente
explained,explicado
extension,extensión
facts,hechos
falling,descendente
FALSE,FALSO
fastest,lo más rápido
fat,gordo
feathers,plumas
file,archivo
find out,descubrir
fins,aletas
flag,bandera
flying,volador
forever,para siempre
format,formato
foundation,base
frequently,frecuentemente
ft,pie
gain,ganar
glass,vaso
graduate,graduado
gray,gris
greater,mayor que
growth,crecimiento
gun,pistola
happen,suceder
heads,cabezales
hearing,audiencia
hills,sierras
historic,histórico
hits,golpes
hockey,hockey
homes,casas
images,imágenes
in order to,con el fin de
incident,incidente
incorporated,incorporado
increases,incremento
initial,inicial
insects,insectos
inspired,inspirado
interesting,interesante
internet,Internet
inventions,inventos
involved in,envuelto en
iron,hierro
keyboard,teclado
kilometres,kilómetros
kingdom,Reino
kingdoms,reino
lasted,durado
lasts,tiene una duración
latest,el último
lay,poner
leading to,llevando a
leads,dirige
lets,levia
lies,mentiras
like to,gusta
listen,escuchar
look at,mira a
lose,perder
lyrics,letra
make sure,Cerciorarse
manager,gerente
measurements,mediciones
mechanical,mecánico
metal,metal
metres,medidores
much as,tanto como
nation,nación
naval,naval
not agree,En desacuerdo
not work,no trabajo
nothing,nada
opening,apertura
orbit,orbita
organic,orgánico
out to,fuera de
oxygen,oxígeno
paintings,pinturas
palace,palacio
panel,panel
park,parque
particularly,particularmente
person's,persona
philosophy,filosofía
pilot,piloto
plate,lámina
plates,platos
poet,poeta
policy,política
post,correo
pounds,libras
prior,previo
promised,prometido
proposed,propuesto
protection,proteccion
prove,probar
ranked,clasificado
ranks,rango
re-election,reelección
reaches,alcance
recordings,grabaciones
refer,referirse
refer to,Referirse a
regarded,considerado
represents,representa
reputation,reputación
respectively,respectivamente
responses,respuestas
restore,restaurar
resulting,resultante
rise,elevar
risk,riesgo
routes,rutas
row,fila
safely,sin peligro
salt,sal
scholars,eruditos
seats,asientos
seed,semilla
seeds,semillas
sentenced,sentenciado
serious,grave
settlement,asentamiento
shortly,dentro de poco
sides,lado
signal,señal
signs,señales
skiing,esquiar
smooth,liso
solution,solución
spaces,espacios
sperm,esperma
steam,vapor
stones,piedras
stores,historias
storms,tormentas
storyline,historia
strength,fortaleza
stronger,más fuerte
studying,estudiando
substances,sustancias
succeeded,tener éxito
suffered,sufrido
survive,sobrevivir
symbols,símbolo
talking,hablando
temple,templo
tennis,tenis
texts,textos
the Olympics,las Olimpiadas
the case,el caso
the dead,los muertos
the field,el campo
the following,la siguiente
the throne,el trono
theorem,teorema
thick,grueso
tiger,tigre
titled,noble
to the right,A la derecha
tons,montones
touring,turismo
translated,traducido
transport,transporte
triangle,triángulo
tribe,tribu
turns,vueltas
twenty,veinte
typical,típico
uniform,uniforme
variety,variedad
victims,víctimas
videos,videos
views,puntos de vista
voices,voces
volcano,volcán
von,Von
waters,aguas
waves,ondas
weakening,debilitamiento
wheel,rueda
wing,ala
wore,vistió
worried,preocupado
wrestler,luchador
younger,más joven
youth,juventud
0,0
03°,03 °
11th,11
1800,1800
1864,1864
1879,1879
1898,1898
1901,1901
1910,1910
1918,1918
1920,1920
1921,1921
1922,1922
1932,1932
1934,1934
1953,1953
19th,19
300,300
35,35
40%,40%
88,88
Academy Award,premio de la Academia
Alexander,Alejandro
Ali,Ali
Allies,Aliados
Angel,Ángel
Animals,Animales
Apart,Aparte
Arena,Arena
Arthur,Arturo
Austria,Austria
Authority,Autoridad
Azerbaijan,Azerbaiyán
Band,Banda
Barbara,Bárbara
Beach,Playa
Bengal,Bengala
Bob,Beto
Book,Libro
Bowl,Bol
Boys,Niños
Bristol,Cristol
C.,C.
Caroline,carolino
Central Committee,Comité central
Champion,Campeón
Charlie,Charlie
Choir,Coro
Christ,Cristo
Cities,Ciudades
Colonel,Coronel
Columbia,Columbia
Come,Venir
Commerce,Comercio
Commonwealth,Mancomunidad
Communist Party,fiesta comunista
Conservatory,Conservatorio
Cook,Cocinar
Corps,Cuerpo
Course,Curso
Culture,Cultura
Czech,checo
DNA,ADN
Dakota,Dakota
Dance,Bailar
Danny,Danny
Darwin,Darwin
Defence,Defensa
Development,Desarrollo
Diocese,Diócesis
Doctors,Doctores
Don't,No
Down,Abajo
Dublin,Dublín
E,mi
Entertainment,Entretenimiento
Express,Expresar
F,F
Ferdinand,Ferdinand
Film Festival,Festival de Cine
Following,Siguiente
Foreign,Extranjero
Fox,Zorro
Frederick,Frederick
G,GRAMO
G.,GRAMO.
Gabriel,Gabriel
Governor of,Gobernador de
Hans,Hans
Harrison,Harrison
Heights,Altura
Heinrich,Heinrich
Hell,Infierno
Hockey,Hockey
Honor,Honor
Hospital,Hospital
How,Cómo
Howard,Howard
Human,Humano
I'm,Soy
I.,I.
If you,Si usted
In July,En julio
Independent,Independiente
Islamic,islámico
Islands,Islas
Jean,Vaquero
Jerusalem,Jerusalén
Jon,Jon
Jones,Jones
Justice,Justicia
Karl,Karl
Khan,Kan
Laura,Laura
Lawrence,Lawrence
Lennon,Lennon
Lieutenant,Teniente
Louise,Lúcido
Ltd.,Limitado.
Luke,Luque
Mars,Marte
Maryland,Maryland
Mayor,Alcalde
Member,Miembro
Michigan,Michigan
Microsoft,Microsoft
Military,Militar
Model,Modelo
Mr.,Señor.
Muhammad,Mahoma
Muslims,Musulmanes
Napoleon,Napoleón
National Park,parque Nacional
Near,Cerca
Neo,Neo
Norman,normando
North America,América del norte
North Carolina,Carolina del Norte
November 8,8 de noviembre
October 2005,Octubre de 2005
One of them,Uno de ellos
Orchestra,Orquesta
Out,Afuera
Part,Parte
Patrick,Patricio
Peace,Paz
Perfect,Perfecto
Perry,Sidra de pera
Persian,persa
Philip,Filipes
Plant,Planta
Player,Jugador
Players,Jugadores
Prime Minister,Primer ministro
Regiment,Regimiento
Republic of,Republica de
Robinson,Robinson
Romans,Romanos
S,S
S.,S.
Scientists,Científicos
Scottish,escocés
Season,Estación
Sherman,Sherman
Social,Social
Son,Hijo
Space,Espacio
Spain,España
Sri,SRI
St,Calle
Studies,Estudios
Swiss,suizo
Systems,Sistemas
T,T
Television,Televisión
The Australian,El australiano
The Battle,La batalla
The World,El mundo
The music,La música
The school,La escuela
The state,El estado
The station,La estación
Tiger,Tigre
Top,Arriba
Triple,Triple
Turkish,turco
Upon,Al
VII,VII
Van,camioneta
Vice,Vicio
Volleyball,Vóleibol
Wilson,Wilson
Winter,Invierno
World Championship,Campeonato mundial
Youth,Juventud
Zone,Zona
accurate,preciso
achieved,logrado
acquired,adquirido
additional,adicional
address,DIRECCIÓN
advance,avance
advanced,avanzado
advertising,publicidad
agents,agentes
allies,aliados
and not,y no
and others,y otros
armies,ejércitos
assistant,asistente
at first,en primer lugar
at that,a eso
at the top,en la cima
athletes,Atletas
attempt to,intento de
attempts,intentos
attention,atención
authority,autoridad
b,b
ballet,ballet
banned,prohibido
beaches,playas
beak,pico
beliefs,creencias
believes,cree
belongs,pertenencia
bench,banco
bill,factura
bleeding,sangrado
boss,jefe
bow,arco
brand,marca
breast,mama
breathe,respirar
briefly,brevemente
bringing,trayectoria
brings,trayera
bronze,bronce
bus,autobús
campaigns,campañas
can not,no puedo
captain,capitán
card,tarjeta
carrier,transportador
castle,castillo
categories,categorías
cathedral,catedral
cattle,ganado
caught,atrapó
causing,causa
celebrated,celebrado
chairman,presidente
changing,cambiando
channels,canales
chapter,capítulo
chief,jefe
childhood,infancia
chose,elegir
circle,círculo
clearly,claramente
coin,moneda
collect,recolectar
come from,viene de
come out,salga
comic,cómic
communes,comunes
communities,comunidades
component,componente
components,componentes
concern,inquietud
conditions,condiciones
conference,conferencia
consequences,consecuencias
containing,que contiene
contemporary,contemporáneo
context,contexto
conviction,convicción
cooked,cocido
cool,Frío
cooler,enfriador
core,centro
costs,costo
country's,del país
creates,crea
criminal,delincuente
critic,crítico
crop,cultivo
crops,cultivos
crowd,multitud
crystal,cristal
dancer,bailarín
dates,fechas
decide,decidir
decisions,decisiones
definition,definición
degrees,grados
demands,demandas
departments,departamentos
depends,depende
designer,diseñador
details,detalles
devil,demonio
di,DI
digital,digital
diseases,enfermedades
do it,hazlo
dorsal,dorsal
dragon,continuar
drops,gotas
drummer,batería
dynasty,dinastía
earthquake,terremoto
easier,más fácil
eaten,comido
eating,comiendo
ed.,ed.
eds,eds
efficient,eficiente
efforts,esfuerzos
electrons,electrones
employees,empleados
engaged,comprometido
ensure,asegurar
entering,entretenimiento
enters,entra
entertainment,entretenimiento
error,error
estimates,estimados
ethnic,étnico
evolved,evolucionado
exception,excepción
exhibition,exhibición
expect,esperar
experiments,experimentos
exploded,explotado
facility,instalación
failure,falla
faith,fe
fame,fama
family name,apellido
farms,granjas
fashion,moda
figures,cifras
fill,llenar
filmed,filmado
finger,dedo
finishing,refinamiento
firm,firme
fleeing,huye
floors,pisos
fluid,líquido
focus,enfocar
folk,gente
follows,seguimiento
foot,pie
for two,para dos
founding,establecimiento
freedom,libertad
frequency,frecuencia
frogs,ranas
gay,gay
genes,genes
genre,género
give the,dar el
go down,bajar
goddess,diosa
grade,calificación
graduation,graduación
grandfather,abuelo
grounds,jardines
grows,crecen
guidance,guía
guns,pistolas
halls,salas
handling,manejo
hated,odiado
heavily,fuertemente
heritage,herencia
honor,honor
hotel,hotel
i,i
identified,identificado
image,imagen
in fact,En realidad
in time,a tiempo
influences,influencias
influential,influyente
injured,herido
instrument,instrumento
interested,interesado
internal,interno
interviews,entrevistas
invented,inventado
journalist,periodista
jump,saltar
kg,kg
kidnapped,secuestrado
kills,matar
kilograms,kilogramos
knows,saber
labour,mano de obra
labyrinth,laberinto
lakes,lagos
landfall,recalada
largely,en gran parte
lead to,Conducir a
leg,pierna
legislature,legislatura
license,licencia
lifted,levantado
lightning,iluminación
links,Enlaces
listen to,escucha a
live on,vivir
lock,cerrar
logo,logo
loves,ama
lowest,el más bajo
machine,máquina
magic,magia
mainland,continente
maintained,mantenido
manage,administrar
managed,administrado
mantle,manto
mathematics,matemáticas
maximum,máximo
measurement,medición
medals,medallas
meets,Satisface
miles per hour,millas por hora
models,modelos
molecules,moléculas
moment,momento
mosques,mezquitas
musicians,músicos
naked,desnudo
names of,nombres de
nations,naciones
newly,recién
nicknamed,apodado
nobles,nobles
noise,ruido
not do,no hacer
not see,no ver
notation,notación
noted,anotado
objects,objetos
observation,observación
observe,observar
occasion,ocasión
occasionally,ocasionalmente
occupation,ocupación
occupied,ocupado
on board,a bordo
on the ground,en el piso
one day,un día
only a few,sólo unos pocos
operates,opera
opponent,adversario
opportunity,oportunidad
orange,naranja
organ,Organo
organizations,organizaciones
organized,organizado
other than,otro que
paired,emparejado
pale,pálido
parish,parroquia
participated,participado
partner,pareja
passenger,pasajero
patients,pacientes
peace,paz
perfectly,perfectamente
pets,mascotas
phase,fase
photographs,fotografías
physics,física
pie,tarta
pink,rosa
planets,planetas
poem,poema
pop,estallido
portion,parte
prepared,preparado
prevents,evitan
priest,sacerdote
print,imprimir
prior to,Antes de
producers,productores
professor,profesor
promote,promover
promotion,promoción
publication,publicación
purposes,propósitos
pushed,empujado
puts,pone
putting,poniendo
queen,reina
racing,carreras
rainfall,lluvia
raised,aumentó
ranges,rangos
rated,calificado
reactions,reacciones
reading,lectura
reason for,razón para
recognised,Reconocido
recognized,Reconocido
recover,recuperar
registered,registrado
relationships,relaciones
renowned,renombrado
replacement,reemplazo
replacing,reemplazo
reporter,reportero
representatives,representantes
represented,representado
require,requerir
requires,requerimiento
rescue,rescate
researchers,investigadores
residence,residencia
residents,residentes
resistance,resistencia
respective,respectivo
revenue,ganancia
review,revisar
rings,anillos
roof,techo
roughly,apenas
ruler,gobernante
safe,seguro
safer,más seguro
sale,venta
sang,cantó
scholar,erudito
screen,pantalla
seal,sello
seeking,buscando
seventh,séptimo
several times,varias veces
shall,deberá
shared,compartido
sharp,afilado
shield,blindaje
shock,choque
shoes,zapatos
shorter,corta
silent,silencioso
silver,plata
singers,cantantes
skull,cráneo
slow,lento
snakes,serpiente
snow,nieve
speaks,habla
specifically,específicamente
speeds,velocidad
spirit,espíritu
sport,deporte
spots,lugares
stable,estable
statement,declaración
stations,estaciones
step,paso
stolen,robado
stored,almacenado
storing,almacenamiento
streams,corrientes
stroke,ataque
structures,estructuras
substance,sustancia
suit,traje
supporters,seguidores
surgery,cirugía
surprise,sorpresa
surrounded,rodeado
survey,encuesta
syphilis,sífilis
tail,cola
tails,cruz
talked,habló
target,objetivo
tasks,tareas
teenager,adolescente
telling,narración
template,plantilla
temporary,temporario
terms,términos
the data,los datos
the great,El gran
the latest,lo último
the majority,la mayoría
the normal,lo normal
the population,la población
the season,la temporada
themes,temas
thirty,treinta
threatened,amenazado
three times,tres veces
tied,atado
tiny,diminuto
tissue,tejido
tool,herramienta
touch,tocar
tourist,turista
towers,torres
tradition,tradición
traffic,tráfico
trained,entrenado
traveled,viajado
treat,tratar
trees,árboles
tropical storm,tormenta tropical
turning,torneado
urban,urbano
valuable,valioso
van,camioneta
varies,varía
vast,vasto
vehicles,vehículo
velocity,velocidad
victim,víctima
victory,victoria
villain,villano
violence,violencia
violent,violento
visited,visitado
visitors,visitantes
vital,vital
vitamin,vitamina
volumes,volúmenes
votes,votos
walking,caminando
well in,bien en
wet,húmedo
whales,ballenas
winning,victorioso
work together,trabajar juntos
wrestling,lucha
writings,escritos
years ago,hace años que
°F,° F
04°,04 °
1,1
110,110
1500,1500
1600,1600
1790,1790
1798,1798
180,180
1836,1836
1843,1843
1855,1855
1863,1863
1871,1871
1881,1881
1884,1884
1895,1895
1899,1899
1924,1924
1940s,1940
2,2
2011,2011
21st,21
39,39
3D,3D
45,45
48,48
"5,000","5,000"
50%,50%
5th,Quinto
63,63
66,66
6th,Sexto
747,747
7th,Séptimo
84,84
8th,Octavo
96,96
Academy Awards,premios de la Academia
Academy of Sciences,Academia de Ciencias
Act of,acto de
Adult,Adulto
Alfred,Alfredo
Allen,Allen
Allied,Aliado
Anna,Anna
Antonio,Antonio
Arab,árabe
Arabia,Arabia
Arabic,Arábica
Arcade,Arcada
Argentina,Argentina
Argentine,Argentino
Around,Alrededor
Artist,Artista
At the end,Al final
Athens,Atenas
Avatar,Avatar
Bach,Llevar una vida de soltero
Banks,Bancos
Barcelona,Barcelona
Baron,Barón
Be,Ser
Beecher,Franja
Belgium,Bélgica
Bell,Campana
Bengali,bengalí
Billboard,Cartelera
Bishop,obispo
Blues,Blues
Books,Libros
Brady,Brady
Brooklyn,Brooklyn
Brothers,Hermanos
Cambridge University,Universidad de Cambridge
Cambridge University Press,Prensa de la Universidad de Cambridge
Canadians,Canadienses
Captain,Capitán
Carlos,Carlos
Carroll,Carroll
Cathedral,Catedral
Century,Siglo
Champions,Campeón
Channel,Canal
Charlotte,Charlotte
Children,Niños
Chris,Chris
Class,Clase
Confederate,Confederado
Convention,Convención
Cooper,cobre
Corporation,Corporación
Costa,Costa
D.C.,CORRIENTE CONTINUA.
Dallas,Dallas
Davis,Davis
Dean,Decano
Dear,Estimado
December 31,31 de diciembre
Democrat,Demócrata
Democratic Party,partido Democrático
Depression,Depresión
Diane,Diane
Disney,Disney
Dog,Perro
Don,Don
Dr,Dr
Duchy,Ducado
Earl,Conde
Earliest,Más temprano
Egbert,Egbert
Electric,Eléctrico
Eleven,Once
Ellen,Ellen
Encyclopedia,Enciclopedia
European Union,unión Europea
Executive,Ejecutivo
Explorer,Explorador
Faculty,Facultad
Fernando,Fernando
File,Archivo
Finally,Finalmente
Flag,Bandera
Forces,Efectivo
Ford,Vado
Fourth,Cuatro
Frances,Frances
Friday,Viernes
Gary,Gary
God's,Dioses
Good,Bien
Google,Google
Grant,Conceder
Greg,Gregón
Guard,Guardia
Hardy,Resistente
Harvey,Hábil
Heavy,Pesado
Henderson,Henderson
Higher,Más alto
Hot,Caliente
Houston,Houston
Hungarian,húngaro
Hunt,Caza
Hunter,Cazador
Important,Importante
In 1999,En 1999
Indiana,Indiana
Iron,Hierro
Irving,Irving
Jan,Ene
January 20,20 de enero
Jessica,Jessica
Jews,Judíos
Julia,Julia
Julie,Julie
July 20,20 de julio
July 2007,Julio de 2007
Jupiter,Júpiter
Katie,Katie
King of,Rey de
Kiss,Beso
Lanka,Lanka
Leeds,Leeds
Leo,León
Leonardo,Leonardo
León,León
Lick,Lamer
Lion,León
List,Lista
Lives,Vidas
Living,Viviendo
Lost,Perdido
Ltd,Limitado
Lucy,Lucy
Madison,Madison
Madrid,Madrid
Malay,malayo
March 6,6 de Marzo
Marcus,Marco
Mask,Mascarilla
Massachusetts,Massachusetts
Masters,Maestría
Medal,Medalla
Medieval,Medieval
Mediterranean,Mediterráneo
Members,Miembros
Memorial,monumento
Metropolitan,Metropolitano
Mickey,Mickey
Miller,Molinero
Mirror,Espejo
Money,Dinero
Montreal,Montreal
Moon,Luna
Moore,Moore
Morgan,Morgan
Morris,Morris
Mountain,Montaña
Movement,Movimiento
Mrs.,Señora.
NASCAR,NASCAR
Nancy,Nancy
National Assembly,Asamblea Nacional
Nepal,Nepal
Nevertheless,Sin embargo
New York City.,Nueva York.
News,Noticias
Nobel,Nobel
Note,Nota
O,O
October 1,1 de octubre
Officer,Oficial
Ontario,Ontario
Operation,Operación
Organizations,Organizaciones
Oxford University,Universidad de Oxford
Oxford University Press,prensa de la Universidad de Oxford
Pat,Palmadita
Pennsylvania,Pensilvania
Phillip,Phillip
Philosophy,Filosofía
Pink,Rosa
Plasma,Plasma
Poland,Polonia
Port,Puerto
Presidents,Presidentes
Pride,Orgullo
Princess,Princesa
Prussian,prusiano
R.,R.
Railroad,Ferrocarril
Reagan,Reagen
Regionalliga,RegionAlliga
Reserve,Reservar
Resources,Recursos
Review,Revisar
Rhine,Rin
Rick,Almiar
Romania,Rumania
Routledge,Rutina
Russians,Rusos
Sam,Sam
San José,San Jose
Sanskrit,Sanskrit
Scouts,Exploradores
Search,Buscar
Secretary of State,secretario de Estado
See,Ver
Selena,Selena
Society of,Sociedad de
Soldiers,Soldados
Sony,Sony
South African,sudafricano
Spectrum,Espectro
Sri Lanka,Sri Lanka
Stadium,Estadio
Starting,A partir de
Studio,Estudio
Sunday,Domingo
Supreme Court,Corte Suprema
Susan,Susan
Swan,Cisne
Taiwan,Taiwán
Tamil,Tamil
Teaneck,Teaneck
Ten,Diez
Thailand,Tailandia
The American,El americano
The Beatles,Los Beatles
The United,Los unidos
The body,El cuerpo
The following,La siguiente
The government,El Gobierno
The island,La isla
The plane,El avión
The town,La ciudad
Things,Cosas
Thompson,Thompson
Through,A través de
Tibet,Tíbet
Tony,Tony
Toronto,Toronto
Total,Total
Trinity,Trinidad
Triple H,Tripleh
Twitter,Gorjeo
Ukraine,Ucrania
United Nations,Naciones Unidas
Until,Hasta
VI,VI
Vancouver,Vancouver
Vienna,Viena
Vol.,Volumen
Volume,Volumen
WWF,WWF
Wallace,Wallace
Wang,Veloz
Wessex,Wessex
Where,Dónde
Wii,Wii
Wind,Viento
Word,Palabra
Wright,Wright
Y,Y
Yemen,Yemen
Z,Z
a bit,un poco
a high,un alto
ability,capacidad
accidentally,accidentalmente
accounts,cuentas
acids,ácidos
adding,con la atención
advantage,ventaja
adventure,aventura
affects,afectos
ahead of,antes de
aimed,dirigido
airing,ventilación
airplanes,aviones
allowing,permitido
altered,alterado
alternative,alternativa
ancestors,ancestros
and so,y entonces
angel,ángel
animation,animación
answers,respuestas
anybody,cualquiera
anyway,de todos modos
apart,aparte
apps,aplicaciones
architect,arquitecto
argument,argumento
arranged,organizado
array,formación
arrest,arrestar
arrives,llega
artillery,artillería
artistic,artístico
arts,letras
as far as,hasta
aside,aparte
asleep,dormido
aspects,aspectos
assets,activos
association,asociación
asthma,asma
at about,a aproximadamente
at home,en casa
at sea,en el mar
at the bottom,en el fondo
atom,átomo
attached,adjunto
attempted,intentó
attraction,atracción
automatically,automáticamente
badly,gravemente
balls,pelotas
ban,prohibición
bankruptcy,bancarrota
battery,batería
be called,ser llamado
be formed,Ser formado
bearing,cojinete
beauty,belleza
behave,comportarse
behaviors,comportamiento
belong,pertenecer
benefits,beneficios
best-selling,más vendido
beyond,más allá de
bicycle,bicicleta
bite,morder
bits,brocas
blocks,bloques
boards,tablas
bomb,bomba
borders,fronteras
bottle,botella
breaking,rotura
breaks,brote
brighter,más brillante
broadcasting,radiodifusión
broadcasts,transmisión
bubbles,burbujas
bucket,balde
budget,presupuesto
bullets,balas
burned down,Quemado
by itself,por sí mismo
by two,por dos
calculate,calcular
calm,calma
campus,instalaciones
can do,puede hacer
capacity,capacidad
careful,cuidadoso
carriers,operador
celebrate,celebrar
chains,cadenas
chamber,cámara
cheap,barato
checked,comprobado
cheese,queso
choices,opción
choosing,elección
civil rights,derechos civiles
claims,reclamos
clean,limpio
climb,trepar
cloth,paño
co-founder,cofundador
coastal,costero
collected,recogido
colonial,colonial
colony,colonia
combat,combate
come in,Adelante
come to,ven a
comfortable,cómodo
commander,comandante
commanding,dominante
commanding officer,El oficial al mando
commissioned,oficial
committed,comprometido
committee,comité
commune,comuna
communicate,comunicar
compete,competir
compose,componer
composed of,compuesto de
composers,compositores
conducted,realizado
conquered,conquistada
conservative,conservador
consider,considerar
consistent,coherente
constant,constante
constantly,constantemente
contest,concurso
contestant,concursante
contributed,aportado
controller,controlador
copper,cobre
corner,esquina
councils,consejo
counties,condados
courtyard,patio
crane,grua
crashes,fallas
crisis,crisis
criticized,criticado
crown,corona
custody,custodia
cutting,corte
dancing,baile
dated,con fecha de
deal with,tratar con
debt,deuda
decades,décadas
decline,rechazar
defence,defensa
define,definir
defining,definitorio
demonstrated,demostrado
deposited,depositado
description,descripción
designing,diseño
diagram,diagrama
dialect,dialecto
dies,matrices
difficulty,dificultad
dig,excavar
dinosaurs,dinosaurios
directors,directores
dirty,sucio
disaster,desastre
disc,desct
discourse,discurso
discovers,descubrimiento
discuss,conversar
distances,distancias
distributed,repartido
do with,hazlo
documentary,documental
dog,perro
donated,donado
drafted,redactado
drinking,Bebiendo
driving,conduciendo
du,du
e.g.,p.ej.
eats,come
egg,huevo
eligible,elegible
elsewhere,en otra parte
emergency,emergencia
emotions,emociones
empty,vacío
encouraged,motivado
enlarged,engrandecido
enter,ingresar
entries,entradas
entry,entrada
equality,igualdad
eruptions,erupciones
etc,etc.
etc.,etc.
except for,excepto por
executed,ejecutado
exercise,ejercicio
exhibits,exhibición
existence,existencia
experiences,experiencias
experiment,experimento
experts,expertos
explain,explicar
expressed,expresado
expression,expresión
extend,extender
extends,extender
extinction,extinción
extra,extra
faced,enfrentado
faces,caras
facing,frente a
factories,fábricas
factors,factores
farming,agricultura
father's,del padre
favorite,favorito
fewer,menos
fiction,ficción
fictional,ficticio
files,archivos
fine,bien
fix,arreglar
fixed,fijado
flames,llamas
flat,departamento
flattened,aplanado
flew,voló
flood,inundación
flora,flora
follow-up,hacer un seguimiento
for that,para eso
forget,olvidar
forgotten,olvidado
formal,formal
formally,formalmente
forming,formación
fossil,fósil
fresh,fresco
fruits,frutas
full of,lleno de
galaxy,galaxia
game's,juegos
gang,pandilla
general election,eleccion general
get out,salir
get to,llegar a
ghost,fantasma
gifts,regalos
goods,bienes
governed,gobernado
gradually,gradualmente
grey,gris
grow to,llegar a
guarded,guardado
guess,adivinar
guitarist,guitarrista
habitat,hábitat
happening,sucediendo
harm,dañar
headquarters,sede
healthy,saludable
hears,oído
hearts,corazones
heated,calentado
helping,Ayudar
hide,esconder
high school,escuela secundaria
highest point,punto mas alto
historian,historiador
holes,agujeros
honorary,honorario
honored,honrado
honors,honores
honour,honor
house in,en casa
households,hogar
https://www,https: // www
human rights,derechos humanos
humour,humor
hundreds,cientos
hydrogen,hidrógeno
ice hockey,hockey sobre hielo
identified as,identificado como
identity,identidad
idol,ídolo
ill,enfermo
impact,impacto
imposed,impuesto
in a row,en una fila
in between,entre
in large,en grande
in prison,en prisión
in search of,en busca de
in the air,en el aire
in the background,en el fondo
in the beginning,al principio
in the future,en el futuro
in the past,en el pasado
income,ingreso
indicates,indica
indigenous,indígena
industrial,industrial
ingredients,ingredientes
injury,lesión
inner,interno
innocent,inocente
institute,instituto
institution,institución
intelligent,inteligente
intense,intenso
interest in,interés en
interface,interfaz
interview,entrevista
invited,invitado
jail,celda
joint,articulación
judges,jueces
junior,júnior
jurisdictions,jurisdicciones
jury,jurado
keeps,guardia
kilometers,kilómetros
km/h,km/h
lab,laboratorio
landscapes,paisajes
large-scale,Gran escala
larvae,larvas
lays,lanar
leagues,leguas
legislation,legislación
liberal,liberal
lie,mentir
lieutenant,teniente
likes,gustos
limestone,caliza
linked,vinculado
literacy,literatura
literally,literalmente
logical,lógico
looked,miró
looking for,Buscando
loop,bucle
loses,perder
luck,suerte
lungs,pulmones
magazines,revistas
magnetic,magnético
malaria,malaria
manuscript,manuscrito
mask,mascarilla
mate,compañero
matrix,matriz
meat,carne
mechanics,mecánica
men's,de los hombres
midfielder,mediocampista
milk,leche
mineral,mineral
mining,minería
mirror,espejo
mix,mezcla
moments,momentos
monster,monstruo
moon,luna
mosque,mezquita
most often,más amenudo
motion,movimiento
municipal,municipal
murder,asesinato
murders,asesinatos
muscles,músculos
naturally,naturalmente
nests,nidos
net,neto
nihongo,nihongo
ninth,noveno
no other,ninguna otra
northeast,Noreste
not give,no dar
not know,no saber
not used,no utilizado
notice,aviso
nuclear,nuclear
nursing,enfermería
oath,juramento
observed,observado
of course,por supuesto
offers,oferta
old man,anciano
on one,en uno
on the left,a la izquierda
on top of,encima de
on which,en la que
ongoing,en curso
open to,abierto a
operate,funcionar
operation,operación
operator,operador
opponent's,oponente
other side,otro lado
otherwise,de lo contrario
output,producción
painter,pintor
pairs,pares
pants,pantalones
papers,documentos
particle,partícula
pass,aprobar
passage,paso
passing,paso
penalty,multa
percent,por ciento
performs,realización
perhaps,tal vez
permanently,permanentemente
personality,personalidad
phrase,frase
physician,médico
pick,elegir
picked,escogido
poems,poemas
pointed,puntiagudo
poles,polos
political party,partido político
politicians,políticos
popularity,popularidad
populations,poblaciones
potential,potencial
practised,experto
presents,regalos
preserved,Preservado
press,prensa
price,precio
prime minister,Primer ministro
printing,impresión
pro,Pro
processes,procesos
projects,proyectos
promoted,promovido
proper,adecuado
property,propiedad
prostate,próstata
proud,orgulloso
proved,demostrado
proven,probado
proves,demanda
psychology,psicología
publishing,publicación
pull,jalar
purple,púrpura
put into,poner en
rail,carril
random,aleatorio
ranging,rango
rapid,rápido
rapidly,rápidamente
rapper,rapero
ratio,relación
re-elected,reelegido
ready to,listo para
reality,realidad
rear,trasero
rebellion,rebelión
recently,recientemente
recovered,recuperado
reduced,reducido
reflect,reflejar
reforms,reformas
regularly,regularmente
regulate,regular
rejected,rechazado
relatives,parientes
religions,religiones
representing,representante
rescued,rescatada
reservoir,reservorio
resigned,renunciar
respect,respeto
responsibility,responsabilidad
restaurant,restaurante
restoration,restauracion
restored,restaurado
returns,devoluciones
ribbon,cinta
rid,deshacerse
rid of,deshacerse de
ride,conducir
riding,equitación
riot,disturbio
ritual,ritual
roads,carreteras
roll,rollo
romantic,romántico
roots,raíces
rulers,gobernantes
run for,corre por
sake,beneficio
sales,ventas
salsa,salsa
sample,muestra
sand,arena
scenes,escena
scheme,esquema
scores,puntuaciones
script,guion
sea level,el nivel del mar
secretary,secretario
sections,secciones
secure,seguro
seem,parecer
seemed,pareció
sees,visión
senator,senador
sequel,continuación
serial,de serie
set to,ajustado a
shark,tiburón
sharks,tiburones
shell,caparazón
shells,cáscara
shift,cambio
shirt,camisa
shoots,brotes
shops,tiendas
shots,disparos
shut,cerrar
signature,firma
situations,situaciones
slaves,esclavos
sleep,dormir
slopes,pendiente
smoking,de fumar
so-called,así llamado
soap,jabón
solder,soldar
solve,resolver
solved,resuelto
sort,clasificar
soul,alma
specified,especificado
spinning,hilado
spiritual,espiritual
spot,lugar
stake,apostar
starts,empieza
statue,estatua
stays,corsé
stole,robó
strange,extraño
strategy,estrategia
streets,calles
strengthened,fortificado
strengthening,fortalecimiento
strip,banda
strongest,el más fuerte
strongly,fuertemente
stuck,atascado
subjects,asignaturas
subway,subterraneo
successor,sucesor
suddenly,de repente
suggest,sugerir
suitable,adecuado
suited,adecuado
summers,veranos
support for,apoyo para
supporting,secundario
surrounding,circundante
survivors,sobrevivientes
sushi,Sushi
suspected,sospechoso
suspended,suspendido
swim,nadar
swimmer,nadador
swimming,nadar
tadpoles,renacuajos
talk to,hablar con
tango,tango
tank,tanque
taste,gusto
team's,equipo
techniques,técnicas
telephone,teléfono
temperatures,temperaturas
temples,templos
territories,territorios
testing,pruebas
the East,el este
the evil,el mal
the other side,el otro lado
the ship,el barco
the soil,la tierra
the stage,el escenario
the worst,lo peor
thin,delgado
thousand,mil
threat,amenaza
thrown,lanzado
thus,de este modo
tired,cansado
to death,a muerte
to explain,para explicar
tools,herramientas
toy,juguete
trails,caminos
transfer,transferir
transferred,transferido
transportation,transporte
trapped,atrapado
traveling,de viaje
trials,juicio
tribal,tribal
trigger,desencadenar
trucks,camiones
truly,realmente
trust,confianza
tune,melodía
tuned,afinado
turbines,turbinas
twin,mellizo
uncle,tío
understood,comprendido
unhappy,infeliz
unit,unidad
unlike,a diferencia de
up for,para
updated,actualizado
urinary,urinario
varsity,universidad
venom,veneno
vessels,buques
virus,virus
visible,visible
volume,volumen
wait,esperar
wait for,esperar
wakes,estufas
watched,observó
wave,ola
wearing,agotador
wears,usos
wedding,boda
weekly,semanalmente
weighed,pesado
whale,ballena
wheels,ruedas
whenever,cuando sea
widow,viuda
window,ventana
windows,Windows
wine,vino
winners,ganadores
wisdom,sabiduría
wish,desear
with this,con este
work out,ejercicio
working on,trabajando en
worst,el peor
worth,valer
writers,escritores
x,X
year in,año
zero,cero
zone,zona
°C,° C
10%,10%
"10,000","10,000"
1180,1180
135,135
13th,13
1437,1437
15%,15%
15th century,siglo 15
17,17
17th,17
17th century,siglo 17
1803,1803
1844,1844
1848,1848
1849,1849
1856,1856
1858,1858
1859,1859
1862,1862
1867,1867
1870,1870
1872,1872
1880,1880
1891,1891
1893,1893
1894,1894
1896,1896
1897,1897
1905,1905
1907,1907
1914,1914
1915,1915
1920s,1920
1930s,1930
1951,1951
19th century,Siglo 19
2%,2%
"2,000","2,000"
2,2
2.5,2.5
20%,20%
250,250
26th,26
280,280
29,29
311,311
350,350
365,365
49,49
"50,000","50,000"
52,52
54,54
56,56
64,64
65,sesenta y cinco
75,75
"8,000","8,000"
81,81
87,87
90,90
94,94
A minor,Un menor de edad
AK-47,AK-47
AKM,Akm
Aang,Aang
Abbey,Abadía
Ace,As
Action,Acción
Additionally,Además
Adelaide,Adelaide
Admiral,Almirante
Adults,Adulto
Adventures,Aventuras
Afghanistan,Afganistán
African American,afroamericano
African-American,Afroamericano
After the war,Después de la guerra
Again,De nuevo
Ages,Siglos
Ahab,Ahab
Airlines,aerolíneas
Albert,Albert
Alberto,Alberto
Album,Álbum
Alfonso,Alfonso
Alice,Alicia
All-Star,Estrella
Allison,Allison
Almost,Casi
Along,A lo largo de
Alpha,Alfa
American actor,Actor estadounidense
American actress,Actriz americana
American businessman,Hombre de negocios americano
Amy,Amy
Andes,Andes
Angle,Ángulo
Anglo-Saxon England,Inglaterra anglosajona
Angus,Angus
Anjou,Anjeo
Annabeth,Annabeth
Any,Cualquier
Apple,Manzana
Applied,Aplicado
April 1,1 de abril
April 10,10 de abril
April 11,11 de abril
Aquatics,Deportes acuáticos
Arabian,árabe
Archdiocese,Archidiócesis
Armenian,armenio
Armenians,Armenios
Arnold,Arnold
Arrow,Flecha
Asian Cup,Copa asiática
Assistant,Asistente
Associates,Asociado
Astrid,Astrid
Attorney,Abogado
August 2017,Agosto de 2017
Autonomous,Autónomo
Avenue,Avenida
BBC,BBC
BSA,BSA
Baby,Bebé
Baker,Panadero
Baldwin,Baldón
Bar,Bar
Barry,Barry
Bart,Barbar
Bedford,Bedford
Beijing,Beijing
Belfast,Belfast
Benjamin,Benjamín
Bentley,Bentley
Berkeley,Berkeley
Beyond,Más allá de
Big Brother,Hermano mayor
Birmingham,Birmingham
Blackhawks,Blackhawks
Blair,Blair
Blue,Azul
Body,Cuerpo
Bonnie,Bonnie
Boris,Boris
Brazil,Brasil
Britons,Británicos
Brittany,Bretaña
Brother,Hermano
Browning,Browning
Bruce,Bruce
Bulgaria,Bulgaria
Burns,Quemaduras
Bush,Arbusto
Business,Negocio
C major,C Mayor
Cairo,El Cairo
Call,Llamar
Camp,Acampar
Can,Poder
Canadiens,Canadienses
Carol,Villancico
Category,Categoría
Catholic church,Iglesia Católica
Cecil,Cecilio
Central Asia,Asia Central
Centre,Centro
Charlottenburg,Charlottenburg
Chatham,Chatham
Chicago Blackhawks,Chicago Blackhawks
Chile,Chile
Christians,Cristianos
Christina,Christina
City Hall,Ayuntamiento
City of,Ciudad de
City's,De la ciudad
Civic,Cívico
Clarence,Clarencia
Clark,Aclarar
Co.,Co.
Columbus,Colón
Commander,Comandante
Commission,Comisión
Commissioner,Notario
Communications,Comunicación
Community,Comunidad
Competition,Competencia
Computing,Informática
Coptic,copto
Corinthians,Corintios
Countries,Países
Creation,Creación
Cretaceous,Cretáceo
Cross,Cruz
Crystal,Cristal
Dark,Oscuro
Date,Fecha
Debian,Debian
December 14,14 de diciembre
Del,Dele
Denmark,Dinamarca
Dennis,Dennis
Design,Diseño
Detroit,Detroit
Dewey,Rocío
Dick,Polla
Do,Hacer
Donald,Donald
Donovan,Donovano
Dream,Sueño
Drive,Conducir
Due,Pendiente
Dwight,Dwight